id,nusp_solicitante,nusp_tutor,h_inicio,h_fim,status,data,preco,modo_atendimento,localizacao
1,9768,1070,09:00:00,10:30:00,pendente,2024-05-04,3.0,online,Sala Virtual Zoom
2,1602,1616,12:30:00,14:00:00,cancelado,2025-07-23,3.0,presencial,"Biblioteca Central, Sala de Estudos"
3,1308,1280,20:30:00,21:30:00,cancelado,2025-06-03,1.6,presencial,"Biblioteca Central, Sala de Estudos"
4,8628,1183,20:00:00,22:00:00,concluido,2025-06-05,3.6,presencial,"Biblioteca Central, Sala de Estudos"
5,1630,1378,20:00:00,21:30:00,concluido,2025-12-09,2.4,online,Sala Virtual Zoom
6,5322,1644,19:00:00,20:30:00,concluido,2024-04-04,2.7,online,Sala Virtual Zoom
7,5094,1364,20:30:00,22:00:00,concluido,2024-11-16,2.55,online,Sala Virtual Zoom
8,7830,1169,18:30:00,19:30:00,confirmado,2024-09-22,2.0,presencial,"Biblioteca Central, Sala de Estudos"
9,10224,1140,18:30:00,19:30:00,concluido,2025-01-24,1.6,online,Sala Virtual Zoom
10,10908,1476,15:30:00,17:30:00,concluido,2024-01-18,3.6,online,Sala Virtual Zoom
11,8058,1266,13:30:00,15:00:00,concluido,2024-11-11,2.55,presencial,"Biblioteca Central, Sala de Estudos"
12,6804,1490,16:00:00,17:30:00,pendente,2024-07-31,3.0,presencial,"Biblioteca Central, Sala de Estudos"
13,4068,1238,09:00:00,10:00:00,concluido,2025-12-10,1.6,presencial,"Biblioteca Central, Sala de Estudos"
14,7260,1308,12:30:00,14:00:00,concluido,2025-09-09,2.4,presencial,"Biblioteca Central, Sala de Estudos"
15,7032,1210,08:30:00,09:30:00,concluido,2024-06-23,1.8,online,Sala Virtual Zoom
16,3156,1602,16:00:00,18:00:00,cancelado,2024-04-12,4.0,presencial,"Biblioteca Central, Sala de Estudos"
17,1420,1097,18:00:00,20:00:00,concluido,2025-03-26,3.2,online,Sala Virtual Zoom
18,4410,1294,16:30:00,18:30:00,concluido,2025-11-10,3.2,presencial,"Biblioteca Central, Sala de Estudos"
19,3042,1574,11:00:00,12:30:00,concluido,2024-08-10,2.7,online,Sala Virtual Zoom
20,1183,1266,17:00:00,18:00:00,concluido,2025-11-23,1.7,online,Sala Virtual Zoom
21,1378,1364,09:30:00,10:30:00,cancelado,2024-05-24,1.6,online,Sala Virtual Zoom
22,8856,1015,13:30:00,14:30:00,cancelado,2025-08-24,1.7,online,Sala Virtual Zoom
23,6576,1183,20:00:00,22:00:00,pendente,2024-09-14,4.0,online,Sala Virtual Zoom
24,1560,1056,08:30:00,10:00:00,concluido,2025-03-29,2.7,presencial,"Biblioteca Central, Sala de Estudos"
25,4980,1252,16:00:00,17:00:00,concluido,2025-07-18,1.6,online,Sala Virtual Zoom
26,1518,1406,11:30:00,12:30:00,pendente,2024-05-04,1.6,presencial,"Biblioteca Central, Sala de Estudos"
27,1420,1588,11:30:00,13:00:00,confirmado,2025-03-15,2.4,presencial,"Biblioteca Central, Sala de Estudos"
28,1644,1490,12:00:00,13:30:00,pendente,2025-10-22,2.4,online,Sala Virtual Zoom
29,8172,1126,20:00:00,21:00:00,concluido,2025-04-05,1.8,presencial,"Biblioteca Central, Sala de Estudos"
30,7032,1336,11:30:00,12:30:00,cancelado,2025-10-23,1.8,online,Sala Virtual Zoom
31,1083,1028,14:30:00,15:30:00,confirmado,2024-04-21,1.6,presencial,"Biblioteca Central, Sala de Estudos"
32,1294,1028,09:30:00,10:30:00,concluido,2025-10-04,1.7,online,Sala Virtual Zoom
33,7488,1532,19:00:00,21:00:00,confirmado,2024-11-25,4.0,presencial,"Biblioteca Central, Sala de Estudos"
34,1448,1378,08:30:00,10:30:00,cancelado,2024-12-17,4.0,online,Sala Virtual Zoom
35,7374,1015,14:30:00,15:30:00,confirmado,2025-03-21,1.8,presencial,"Biblioteca Central, Sala de Estudos"
36,5094,1197,13:00:00,15:00:00,confirmado,2024-05-31,3.4,online,Sala Virtual Zoom
37,1378,1504,15:00:00,16:00:00,confirmado,2025-08-03,1.6,online,Sala Virtual Zoom
38,2688,1686,11:30:00,12:30:00,concluido,2024-12-02,1.7,presencial,"Biblioteca Central, Sala de Estudos"
39,3384,1140,14:00:00,16:00:00,confirmado,2025-07-02,3.2,presencial,"Biblioteca Central, Sala de Estudos"
40,11478,1546,20:00:00,21:30:00,concluido,2025-09-02,2.55,presencial,"Biblioteca Central, Sala de Estudos"
41,10224,1560,19:00:00,20:00:00,cancelado,2025-08-24,1.6,online,Sala Virtual Zoom
42,1504,1574,18:00:00,20:00:00,concluido,2024-12-23,3.6,online,Sala Virtual Zoom
43,11136,1504,14:00:00,15:30:00,concluido,2024-10-14,2.55,online,Sala Virtual Zoom
44,1364,1462,14:30:00,16:30:00,cancelado,2025-04-03,3.2,online,Sala Virtual Zoom
45,3498,1518,08:30:00,10:00:00,cancelado,2024-03-05,2.7,online,Sala Virtual Zoom
46,9996,1476,13:30:00,15:30:00,confirmado,2025-07-06,4.0,presencial,"Biblioteca Central, Sala de Estudos"
47,10680,1350,14:30:00,16:30:00,concluido,2024-11-26,3.4,online,Sala Virtual Zoom
48,1294,1658,09:00:00,10:30:00,cancelado,2025-02-03,2.55,presencial,"Biblioteca Central, Sala de Estudos"
49,1224,1504,15:30:00,17:30:00,pendente,2025-05-18,4.0,online,Sala Virtual Zoom
50,3156,1280,12:30:00,13:30:00,confirmado,2025-04-04,2.0,online,Sala Virtual Zoom
51,8172,1364,11:00:00,12:00:00,cancelado,2024-03-29,1.8,presencial,"Biblioteca Central, Sala de Estudos"
52,1042,1252,08:00:00,10:00:00,pendente,2024-03-12,3.4,online,Sala Virtual Zoom
53,5550,1322,14:00:00,15:30:00,pendente,2024-12-18,3.0,presencial,"Biblioteca Central, Sala de Estudos"
54,1097,1364,13:00:00,14:00:00,pendente,2025-06-01,1.6,online,Sala Virtual Zoom
55,9198,1378,14:00:00,16:00:00,cancelado,2025-07-08,4.0,presencial,"Biblioteca Central, Sala de Estudos"
56,5892,1028,08:30:00,09:30:00,concluido,2025-03-31,1.6,online,Sala Virtual Zoom
57,7716,1630,15:30:00,16:30:00,pendente,2025-03-04,2.0,online,Sala Virtual Zoom
58,7374,1294,19:30:00,21:00:00,concluido,2024-10-17,2.7,presencial,"Biblioteca Central, Sala de Estudos"
59,1686,1042,12:00:00,13:00:00,concluido,2024-03-07,1.7,presencial,"Biblioteca Central, Sala de Estudos"
60,1001,1056,08:00:00,09:30:00,confirmado,2025-04-22,3.0,online,Sala Virtual Zoom
61,1169,1155,10:00:00,11:30:00,cancelado,2024-09-12,3.0,presencial,"Biblioteca Central, Sala de Estudos"
62,3384,1560,15:30:00,17:00:00,concluido,2025-10-29,2.4,presencial,"Biblioteca Central, Sala de Estudos"
63,3498,2688,09:30:00,11:30:00,concluido,2024-09-30,3.6,online,Sala Virtual Zoom
64,1015,1546,10:00:00,11:00:00,concluido,2024-01-19,1.8,presencial,"Biblioteca Central, Sala de Estudos"
65,1183,1252,20:30:00,22:30:00,concluido,2025-09-14,3.4,online,Sala Virtual Zoom
66,10680,1658,20:30:00,22:00:00,pendente,2024-11-07,2.55,online,Sala Virtual Zoom
67,8742,1574,12:30:00,13:30:00,pendente,2024-08-31,2.0,online,Sala Virtual Zoom
68,1504,1630,20:00:00,21:00:00,concluido,2024-03-20,1.8,online,Sala Virtual Zoom
69,4182,1140,16:00:00,17:00:00,pendente,2025-04-22,2.0,presencial,"Biblioteca Central, Sala de Estudos"
70,10908,1197,10:00:00,11:00:00,cancelado,2024-05-27,1.8,presencial,"Biblioteca Central, Sala de Estudos"
71,4068,2688,09:00:00,10:30:00,concluido,2024-08-07,2.4,presencial,"Biblioteca Central, Sala de Estudos"
72,3498,1224,10:30:00,12:30:00,confirmado,2025-05-31,3.6,online,Sala Virtual Zoom
73,1644,1083,19:30:00,21:30:00,pendente,2025-01-07,3.2,online,Sala Virtual Zoom
74,9426,1252,14:30:00,16:00:00,cancelado,2025-08-12,3.0,presencial,"Biblioteca Central, Sala de Estudos"
75,10566,1015,12:30:00,14:00:00,pendente,2025-04-29,3.0,online,Sala Virtual Zoom
76,3270,1616,08:30:00,10:30:00,concluido,2025-03-07,3.6,presencial,"Biblioteca Central, Sala de Estudos"
77,1546,1266,16:30:00,17:30:00,cancelado,2024-10-28,1.6,online,Sala Virtual Zoom
78,3156,1588,20:30:00,22:00:00,cancelado,2024-06-07,3.0,presencial,"Biblioteca Central, Sala de Estudos"
79,1616,1630,18:30:00,20:00:00,pendente,2024-07-08,2.85,online,Sala Virtual Zoom
80,1056,1266,18:30:00,20:00:00,concluido,2025-05-30,2.55,online,Sala Virtual Zoom
81,10680,1308,12:30:00,14:30:00,pendente,2024-05-02,3.4,presencial,"Biblioteca Central, Sala de Estudos"
82,1308,1518,09:00:00,10:30:00,concluido,2025-08-08,2.4,online,Sala Virtual Zoom
83,1001,1140,10:00:00,11:30:00,pendente,2024-02-23,3.0,online,Sala Virtual Zoom
84,1504,1210,16:00:00,17:00:00,concluido,2024-03-15,1.8,online,Sala Virtual Zoom
85,1210,1588,13:00:00,14:30:00,cancelado,2025-06-15,2.7,presencial,"Biblioteca Central, Sala de Estudos"
86,1126,1083,14:00:00,15:30:00,cancelado,2024-04-07,2.7,online,Sala Virtual Zoom
87,6462,1015,15:00:00,16:00:00,cancelado,2024-02-24,2.0,online,Sala Virtual Zoom
88,8514,1056,13:30:00,15:00:00,confirmado,2025-10-07,3.0,presencial,"Biblioteca Central, Sala de Estudos"
89,3042,1210,09:30:00,11:30:00,concluido,2025-05-13,3.6,presencial,"Biblioteca Central, Sala de Estudos"
90,8856,1083,08:30:00,10:30:00,concluido,2024-02-13,3.4,online,Sala Virtual Zoom
91,1476,1350,19:30:00,21:00:00,confirmado,2025-03-03,2.4,online,Sala Virtual Zoom
92,3042,1097,08:00:00,09:30:00,pendente,2025-03-28,2.7,online,Sala Virtual Zoom
93,8286,1350,20:30:00,22:00:00,cancelado,2025-08-24,3.0,presencial,"Biblioteca Central, Sala de Estudos"
94,7830,1210,14:00:00,16:00:00,confirmado,2025-07-07,4.0,online,Sala Virtual Zoom
95,11022,1658,20:30:00,22:00:00,cancelado,2025-04-13,3.0,online,Sala Virtual Zoom
96,10338,1112,08:00:00,09:30:00,pendente,2024-07-28,3.0,online,Sala Virtual Zoom
97,7146,1686,13:00:00,14:00:00,concluido,2024-03-01,1.8,online,Sala Virtual Zoom
98,4866,1070,12:30:00,13:30:00,concluido,2024-10-09,1.6,online,Sala Virtual Zoom
99,1308,1462,17:30:00,19:30:00,pendente,2024-09-13,3.2,online,Sala Virtual Zoom
100,1210,1308,14:30:00,16:30:00,pendente,2024-07-19,3.6,presencial,"Biblioteca Central, Sala de Estudos"
