id_agendamento,nusp_avaliador,nusp_avaliado,nota,comentario
4,8628,1183,3.8,Bom conhecimento mas poderia ser mais dinâmico nas explicações.
4,1183,8628,3.8,Aluno participativo e dedicado.
5,1630,1378,4.7,Ajudou-me a subir minha nota na disciplina. Investimento que valeu a pena.
5,1378,1630,4.8,Muito dedicado e com ótimo nível de conhecimento.
6,5322,1644,4.6,O ambiente de aprendizado foi muito acolhedor e produtivo.
6,1644,5322,3.8,Aluno participativo e dedicado.
7,5094,1364,4.9,Extremamente profissional e focado nas minhas necessidades específicas.
7,1364,5094,4.3,Aluno participativo e dedicado.
9,10224,1140,2.8,Esperava mais clareza nas explicações. Ficou confuso em alguns momentos.
9,1140,10224,4.6,Pontual e preparado para a sessão.
10,10908,1476,4.8,O ambiente de aprendizado foi muito acolhedor e produtivo.
10,1476,10908,3.8,Aluno participativo e dedicado.
11,8058,1266,5.0,Clareza e objetividade perfeitas. O material de apoio fornecido foi crucial.
11,1266,8058,4.4,Pontual e preparado para a sessão.
13,4068,1238,3.5,Aula razoável mas esperava mais profundidade no conteúdo.
13,1238,4068,4.9,Aluno participativo e dedicado.
14,7260,1308,4.4,Extremamente profissional e focado nas minhas necessidades específicas.
14,1308,7260,4.9,Muito dedicado e com ótimo nível de conhecimento.
15,7032,1210,4.2,Bom tutor com conhecimento sólido e paciência adequada.
15,1210,7032,3.9,Pontual e preparado para a sessão.
17,1420,1097,4.7,Ajudou-me a subir minha nota na disciplina. Investimento que valeu a pena.
17,1097,1420,4.8,Muito dedicado e com ótimo nível de conhecimento.
18,4410,1294,3.4,Faltou mais clareza em alguns pontos. Poderia melhorar a didática.
18,1294,4410,4.8,Pontual e preparado para a sessão.
19,3042,1574,4.9,A aula superou minhas expectativas. Consegui entender o conteúdo complexo.
19,1574,3042,4.9,Muito dedicado e com ótimo nível de conhecimento.
20,1183,1266,4.7,Excelente tutor! Um dos melhores que já tive na plataforma.
20,1266,1183,4.4,Aluno participativo e dedicado.
24,1560,1056,4.7,Ajudou-me a subir minha nota na disciplina. Investimento que valeu a pena.
24,1056,1560,3.3,Compareceu mas poderia estar mais engajado nas discussões.
25,4980,1252,4.9,Clareza e objetividade. O material de apoio fornecido foi crucial.
25,1252,4980,4.6,Pontual e preparado para a sessão.
29,8172,1126,3.9,Bom atendimento mas poderia ser mais objetivo em alguns momentos.
29,1126,8172,3.9,Pontual e preparado para a sessão.
32,1294,1028,4.9,A aula superou minhas expectativas. Consegui entender o conteúdo complexo.
32,1028,1294,4.4,Aluno participativo e dedicado.
38,2688,1686,4.5,Muito atencioso e pontual. Recomendo fortemente para quem tem dificuldades.
38,1686,2688,4.1,Pontual e preparado para a sessão.
40,11478,1546,4.6,Excelente tutor! Recomendo fortemente. Voltarei a agendar.
40,1546,11478,4.3,Muito dedicado e com ótimo nível de conhecimento.
42,1504,1574,4.9,O tutor demonstrou profundo conhecimento e paciência. Excelente didática!
42,1574,1504,3.5,Compareceu pontualmente mas poderia participar mais ativamente.
43,11136,1504,3.2,Conhecimento razoável mas faltou mais preparação para a sessão.
43,1504,11136,4.1,Aluno participativo e dedicado.
47,10680,1350,4.9,A aula superou minhas expectativas. Consegui entender o conteúdo complexo.
47,1350,10680,4.3,Pontual e preparado para a sessão.
56,5892,1028,4.8,Extremamente profissional e focado nas minhas necessidades específicas.
56,1028,5892,4.9,Aluno participativo e dedicado.
58,7374,1294,4.5,O ambiente de aprendizado foi muito acolhedor e produtivo.
58,1294,7374,3.2,Precisa se dedicar mais e participar ativamente das discussões.
59,1686,1042,4.3,Tutor competente com bom conhecimento e paciência adequada.
59,1042,1686,4.8,Pontual e preparado para a sessão.
62,3384,1560,4.8,Ajudou-me a subir minha nota na disciplina. Investimento que valeu a pena.
62,1560,3384,4.7,Muito dedicado e com ótimo nível de conhecimento.
63,3498,2688,4.9,Clareza e objetividade. O material de apoio fornecido foi crucial.
63,2688,3498,3.7,Dedicado mas poderia demonstrar mais iniciativa durante a sessão.
64,1015,1546,4.9,Clareza e objetividade. O material de apoio fornecido foi crucial.
64,1546,1015,4.0,Aluno participativo e preparado para a sessão.
65,1183,1252,4.2,Boa aula e consegui compreender melhor o conteúdo trabalhado.
65,1252,1183,4.1,Pontual e preparado para a sessão.
68,1504,1630,4.8,Muito atencioso e pontual. Recomendo fortemente para quem tem dificuldades.
68,1630,1504,4.7,Muito dedicado e com ótimo nível de conhecimento.
71,4068,2688,4.6,Muito atencioso e pontual. Recomendo fortemente para quem tem dificuldades.
71,2688,4068,4.9,Pontual e preparado para a sessão.
76,3270,1616,2.1,Esperava muito mais. A aula foi extremamente superficial e desorganizada.
76,1616,3270,3.6,Compareceu e participou razoavelmente mas pode melhorar.
80,1056,1266,4.7,Excelente domínio do conteúdo mesmo nas dúvidas mais específicas.
80,1266,1056,4.2,Aluno participativo e preparado para a sessão.
82,1308,1518,4.7,Ajudou-me a subir minha nota na disciplina. Investimento que valeu a pena.
82,1518,1308,5.0,Pontual e preparado para a sessão. Desempenho exemplar!
84,1504,1210,2.9,Sessão deixou a desejar. Faltou mais atenção às minhas necessidades.
84,1210,1504,4.3,Muito dedicado e com ótimo nível de conhecimento.
89,3042,1210,4.2,Bom tutor no geral mas o custo-benefício poderia ser melhor.
89,1210,3042,2.9,Compareceu mas faltou mais engajamento e preparação.
90,8856,1083,4.7,A aula superou minhas expectativas. Consegui entender o conteúdo complexo.
90,1083,8856,4.5,Aluno participativo e dedicado.
97,7146,1686,3.5,Ambiente adequado mas o conteúdo poderia ter sido mais aprofundado.
97,1686,7146,3.3,Precisa se dedicar mais e demonstrar maior interesse.
98,4866,1070,4.3,Ambiente de aprendizado acolhedor e adequado para o estudo.
98,1070,4866,4.9,Pontual e preparado para a sessão.