cod_curso,cod_disciplina,e_obrigatoria
I850,D005HJ6,TRUE
I850,D021C0J,TRUE
I850,D0194U2,TRUE
I850,D016HQ0,FALSE
I850,D027HMK,FALSE
I4306,D005HJ6,FALSE
I4306,D018OYR,TRUE
I4306,D027HMK,TRUE
I4306,D016HQ0,TRUE
I4306,D025EF6,FALSE
I5002,D003BNM,TRUE
I5002,D010UBA,TRUE
I5002,D009GR2,FALSE
I5002,D0220NQ,TRUE
I5002,D023X22,FALSE
F8888,D007UYO,TRUE
F8888,D024BBG,FALSE
F8888,D0208NN,TRUE
F8888,D021C0J,FALSE
F8888,D029ORO,TRUE
F8652,D016HQ0,FALSE
F8652,D006BNO,TRUE
F8652,D025EF6,FALSE
F8652,D0208NN,TRUE
F8652,D0028EA,TRUE
F8682,D0028EA,FALSE
F8682,D017PHB,FALSE
F8682,D003BNM,TRUE
F8682,D005HJ6,TRUE
F8682,D009GR2,TRUE
M2731,D023X22,TRUE
M2731,D010UBA,TRUE
M2731,D028ASK,FALSE
M2731,D029ORO,TRUE
M2731,D004VOP,FALSE
M825,D026P2H,TRUE
M825,D0194U2,TRUE
M825,D010UBA,FALSE
M825,D006BNO,TRUE
M825,D013M1W,FALSE
M9574,D006BNO,FALSE
M9574,D008ZMR,TRUE
M9574,D027HMK,TRUE
M9574,D029ORO,FALSE
M9574,D011TUN,TRUE
E7771,D009GR2,TRUE
E7771,D023X22,TRUE
E7771,D018OYR,FALSE
E7771,D007UYO,TRUE
E7771,D014IQ9,FALSE
E7622,D025EF6,FALSE
E7622,D006BNO,TRUE
E7622,D011TUN,TRUE
E7622,D003BNM,FALSE
E7622,D005HJ6,TRUE
E1992,D021C0J,FALSE
E1992,D011TUN,FALSE
E1992,D005HJ6,TRUE
E1992,D0208NN,TRUE
E1992,D0194U2,TRUE
Z6289,D026P2H,TRUE
Z6289,D006BNO,FALSE
Z6289,D031K47,FALSE
Z6289,D021C0J,TRUE
Z6289,D013M1W,TRUE
Z8672,D013M1W,TRUE
Z8672,D029ORO,FALSE
Z8672,D001P0C,TRUE
Z8672,D006BNO,FALSE
Z8672,D027HMK,TRUE
